old_path,new_path,source
assets/art/evolution-series-1/evolution-logo.png,assets/images/art-evolution-series-1-evolution-logo.png,v0.13.94
assets/art/evolution-series-1/superstars/bayley.webp,assets/images/art-evolution-series-1-superstars-bayley.webp,export.zip
assets/art/evolution-series-1/superstars/becky-lynch.webp,assets/images/art-evolution-series-1-superstars-becky-lynch.webp,export.zip
assets/art/evolution-series-1/superstars/charlotte-flair.webp,assets/images/art-evolution-series-1-superstars-charlotte-flair.webp,export.zip
assets/art/evolution-series-1/superstars/iyo-sky.webp,assets/images/art-evolution-series-1-superstars-iyo-sky.webp,export.zip
assets/art/evolution-series-1/superstars/liv-morgan.webp,assets/images/art-evolution-series-1-superstars-liv-morgan.webp,export.zip
assets/art/evolution-series-1/superstars/paige.webp,assets/images/art-evolution-series-1-superstars-paige.webp,export.zip
assets/art/evolution-series-1/superstars/rhea-ripley.webp,assets/images/art-evolution-series-1-superstars-rhea-ripley.webp,export.zip
assets/art/evolution-series-1/superstars/stephanie-vaquer.webp,assets/images/art-evolution-series-1-superstars-stephanie-vaquer.webp,export.zip
assets/art/hall-of-fame-series-1/hall-of-fame-logo.png,assets/images/art-hall-of-fame-series-1-hall-of-fame-logo.png,export.zip
assets/art/season-1-final-boss/rewards-logo.png,assets/images/art-season-1-final-boss-rewards-logo.png,v0.13.94
assets/art/season-1-final-boss/rewards-logo.svg,assets/images/art-season-1-final-boss-rewards-logo.svg,v0.13.94
assets/art/season-1-final-boss/the-rock-final-boss-menu.png,assets/images/art-season-1-final-boss-the-rock-final-boss-menu.png,v0.13.94
assets/art/summerslam-series-1/moves/tornado-ddt.jpeg,assets/images/art-summerslam-series-1-moves-tornado-ddt.jpeg,v0.13.94
assets/art/summerslam-series-1/summerslam-2026-logo.png,assets/images/art-summerslam-series-1-summerslam-2026-logo.png,v0.13.94
assets/art/summerslam-series-1/summerslam-2026-logo.webp,assets/images/art-summerslam-series-1-summerslam-2026-logo.webp,export.zip
assets/art/summerslam-series-1/superstars/brock-lesnar.webp,assets/images/art-summerslam-series-1-superstars-brock-lesnar.webp,v0.13.94
assets/art/summerslam-series-1/superstars/cm-punk.webp,assets/images/art-summerslam-series-1-superstars-cm-punk.webp,v0.13.94
assets/art/summerslam-series-1/superstars/cody-rhodes.webp,assets/images/art-summerslam-series-1-superstars-cody-rhodes.webp,v0.13.94
assets/art/summerslam-series-1/superstars/gunther.webp,assets/images/art-summerslam-series-1-superstars-gunther.webp,v0.13.94
assets/art/summerslam-series-1/superstars/kevin-owens.webp,assets/images/art-summerslam-series-1-superstars-kevin-owens.webp,v0.13.94
assets/art/summerslam-series-1/superstars/oba-femi.webp,assets/images/art-summerslam-series-1-superstars-oba-femi.webp,v0.13.94
assets/art/summerslam-series-1/superstars/roman-reigns.webp,assets/images/art-summerslam-series-1-superstars-roman-reigns.webp,v0.13.94
assets/art/summerslam-series-1/superstars/seth-rollins.webp,assets/images/art-summerslam-series-1-superstars-seth-rollins.webp,v0.13.94
assets/art/survivor-series-series-1/hangman-armbar.jpg,assets/images/art-survivor-series-series-1-hangman-armbar.jpg,v0.13.94
assets/art/wwe-menu-superstars/becky-lynch.webp,assets/images/art-wwe-menu-superstars-becky-lynch.webp,v0.13.94
assets/art/wwe-menu-superstars/cm-punk.webp,assets/images/art-wwe-menu-superstars-cm-punk.webp,v0.13.94
assets/art/wwe-menu-superstars/cody-rhodes.webp,assets/images/art-wwe-menu-superstars-cody-rhodes.webp,v0.13.94
assets/art/wwe-menu-superstars/hulk-hogan.webp,assets/images/art-wwe-menu-superstars-hulk-hogan.webp,v0.13.94
assets/art/wwe-menu-superstars/liv-morgan.webp,assets/images/art-wwe-menu-superstars-liv-morgan.webp,v0.13.94
assets/art/wwe-menu-superstars/paige.webp,assets/images/art-wwe-menu-superstars-paige.webp,v0.13.94
assets/art/wwe-menu-superstars/rhea-ripley.webp,assets/images/art-wwe-menu-superstars-rhea-ripley.webp,v0.13.94
assets/art/wwe-menu-superstars/roman-reigns.webp,assets/images/art-wwe-menu-superstars-roman-reigns.webp,v0.13.94
assets/art/wwe-menu-superstars/seth-rollins.webp,assets/images/art-wwe-menu-superstars-seth-rollins.webp,v0.13.94
assets/art/wwe-menu-superstars/stone-cold-steve-austin.webp,assets/images/art-wwe-menu-superstars-stone-cold-steve-austin.webp,v0.13.94
assets/art/wwe-menu-superstars/the-undertaker.webp,assets/images/art-wwe-menu-superstars-the-undertaker.webp,v0.13.94
assets/art/wwe-menu-superstars/ultimate-warrior.webp,assets/images/art-wwe-menu-superstars-ultimate-warrior.webp,v0.13.94
assets/art/wwe-profile-portraits/andre-the-giant.png,assets/images/art-wwe-profile-portraits-andre-the-giant.png,v0.13.94
assets/art/wwe-profile-portraits/bayley.png,assets/images/art-wwe-profile-portraits-bayley.png,v0.13.94
assets/art/wwe-profile-portraits/becky-lynch.png,assets/images/art-wwe-profile-portraits-becky-lynch.png,v0.13.94
assets/art/wwe-profile-portraits/charlotte-flair.png,assets/images/art-wwe-profile-portraits-charlotte-flair.png,v0.13.94
assets/art/wwe-profile-portraits/hulk-hogan.png,assets/images/art-wwe-profile-portraits-hulk-hogan.png,v0.13.94
assets/art/wwe-profile-portraits/iyo-sky.png,assets/images/art-wwe-profile-portraits-iyo-sky.png,v0.13.94
assets/art/wwe-profile-portraits/kane.png,assets/images/art-wwe-profile-portraits-kane.png,v0.13.94
assets/art/wwe-profile-portraits/liv-morgan.png,assets/images/art-wwe-profile-portraits-liv-morgan.png,v0.13.94
assets/art/wwe-profile-portraits/mankind.png,assets/images/art-wwe-profile-portraits-mankind.png,v0.13.94
assets/art/wwe-profile-portraits/paige.png,assets/images/art-wwe-profile-portraits-paige.png,v0.13.94
assets/art/wwe-profile-portraits/randy-savage.png,assets/images/art-wwe-profile-portraits-randy-savage.png,v0.13.94
assets/art/wwe-profile-portraits/rey-mysterio.jpg,assets/images/art-wwe-profile-portraits-rey-mysterio.jpg,v0.13.94
assets/art/wwe-profile-portraits/rhea-ripley.png,assets/images/art-wwe-profile-portraits-rhea-ripley.png,v0.13.94
assets/art/wwe-profile-portraits/stephanie-vaquer.png,assets/images/art-wwe-profile-portraits-stephanie-vaquer.png,v0.13.94
assets/art/wwe-profile-portraits/stone-cold-steve-austin.png,assets/images/art-wwe-profile-portraits-stone-cold-steve-austin.png,v0.13.94
assets/art/wwe-profile-portraits/the-rock.png,assets/images/art-wwe-profile-portraits-the-rock.png,v0.13.94
assets/art/wwe-profile-portraits/the-undertaker.png,assets/images/art-wwe-profile-portraits-the-undertaker.png,v0.13.94
assets/art/wwe-profile-portraits/ultimate-warrior.png,assets/images/art-wwe-profile-portraits-ultimate-warrior.png,v0.13.94
assets/branding/attitude-era-series-1/attitude-era-wwf-logo.svg,assets/images/branding-attitude-era-series-1-attitude-era-wwf-logo.svg,v0.13.94
assets/branding/attitude-era-series-1/wwf-scratch-logo-card.png,assets/images/branding-attitude-era-series-1-wwf-scratch-logo-card.png,v0.13.94
assets/branding/attitude-era-series-1/wwf-scratch-logo-transparent.png,assets/images/branding-attitude-era-series-1-wwf-scratch-logo-transparent.png,v0.13.94
assets/branding/attitude-era-series-1/wwf-scratch-logo.jpg,assets/images/branding-attitude-era-series-1-wwf-scratch-logo.jpg,v0.13.94
assets/branding/golden-era-series-1/classic-wwf-block.svg,assets/images/branding-golden-era-series-1-classic-wwf-block.svg,v0.13.94
assets/branding/golden-era-series-1/golden-era-wwf-logo.svg,assets/images/branding-golden-era-series-1-golden-era-wwf-logo.svg,v0.13.94
assets/branding/golden-era-series-1/wwf-classic-block-card.svg,assets/images/branding-golden-era-series-1-wwf-classic-block-card.svg,v0.13.94
assets/branding/golden-era-series-1/wwf-classic-logo.svg,assets/images/branding-golden-era-series-1-wwf-classic-logo.svg,v0.13.94
assets/branding/money-in-the-bank-series-1/money-in-the-bank-logo-official.png,assets/images/branding-money-in-the-bank-series-1-money-in-the-bank-logo-official.png,export.zip
assets/branding/money-in-the-bank-series-1/money-in-the-bank-logo.webp,assets/images/branding-money-in-the-bank-series-1-money-in-the-bank-logo.webp,v0.13.94
assets/branding/new-generation-series-1/new-generation-logo.svg,assets/images/branding-new-generation-series-1-new-generation-logo.svg,v0.13.94
assets/branding/raw-series-1/raw-logo.webp,assets/images/branding-raw-series-1-raw-logo.webp,v0.13.94
assets/branding/smackdown-series-1/smackdown-logo-official.png,assets/images/branding-smackdown-series-1-smackdown-logo-official.png,v0.13.94
assets/branding/smackdown-series-1/smackdown-logo.svg,assets/images/branding-smackdown-series-1-smackdown-logo.svg,export.zip
assets/branding/survivor-series-series-1/survivor-series-logo.svg,assets/images/branding-survivor-series-series-1-survivor-series-logo.svg,export.zip
assets/branding/survivor-series-series-1/survivor-series-wargames-houston-2026.png,assets/images/branding-survivor-series-series-1-survivor-series-wargames-houston-2026.png,v0.13.94
assets/branding/worlds-collide-series-1/worlds-collide-logo.webp,assets/images/branding-worlds-collide-series-1-worlds-collide-logo.webp,v0.13.94
assets/branding/worlds-collide-series-1/worlds-collide-official.jpeg,assets/images/branding-worlds-collide-series-1-worlds-collide-official.jpeg,export.zip
assets/cards/art/custom/actions/open-can.webp,assets/images/card-custom-action-open-can.webp,export.zip
assets/cards/art/custom/actions/roman-reigns-ooh-ahh.webp,assets/images/card-custom-action-roman-reigns-ooh-ahh.webp,export.zip
assets/cards/art/custom/actions/special-roman-reigns.webp,assets/images/card-custom-action-special-roman-reigns.webp,export.zip
assets/cards/art/custom/entrances/entrance-amazing.webp,assets/images/card-custom-entrance-entrance-amazing.webp,export.zip
assets/cards/art/custom/entrances/entrance-andre-the-giant.webp,assets/images/card-custom-entrance-entrance-andre-the-giant.webp,export.zip
assets/cards/art/custom/entrances/entrance-bayley.webp,assets/images/card-custom-entrance-entrance-bayley.webp,export.zip
assets/cards/art/custom/entrances/entrance-becky-lynch.webp,assets/images/card-custom-entrance-entrance-becky-lynch.webp,export.zip
assets/cards/art/custom/entrances/entrance-brock-lesnar.webp,assets/images/card-custom-entrance-entrance-brock-lesnar.webp,export.zip
assets/cards/art/custom/entrances/entrance-charlotte-flair.webp,assets/images/card-custom-entrance-entrance-charlotte-flair.webp,export.zip
assets/cards/art/custom/entrances/entrance-cm-punk.webp,assets/images/card-custom-entrance-entrance-cm-punk.webp,export.zip
assets/cards/art/custom/entrances/entrance-cody-rhodes.webp,assets/images/card-custom-entrance-entrance-cody-rhodes.webp,export.zip
assets/cards/art/custom/entrances/entrance-hulk-hogan.webp,assets/images/card-custom-entrance-entrance-hulk-hogan.webp,export.zip
assets/cards/art/custom/entrances/entrance-kane.webp,assets/images/card-custom-entrance-entrance-kane.webp,export.zip
assets/cards/art/custom/entrances/entrance-kevin-owens.webp,assets/images/card-custom-entrance-entrance-kevin-owens.webp,export.zip
assets/cards/art/custom/entrances/entrance-liv-morgan.webp,assets/images/card-custom-entrance-entrance-liv-morgan.webp,export.zip
assets/cards/art/custom/entrances/entrance-mankind.webp,assets/images/card-custom-entrance-entrance-mankind.webp,export.zip
assets/cards/art/custom/entrances/entrance-oba-femi.webp,assets/images/card-custom-entrance-entrance-oba-femi.webp,export.zip
assets/cards/art/custom/entrances/entrance-penta.webp,assets/images/card-custom-entrance-entrance-penta.webp,export.zip
assets/cards/art/custom/entrances/entrance-randy-savage.webp,assets/images/card-custom-entrance-entrance-randy-savage.webp,export.zip
assets/cards/art/custom/entrances/entrance-rhea-ripley.webp,assets/images/card-custom-entrance-entrance-rhea-ripley.webp,export.zip
assets/cards/art/custom/entrances/entrance-roman-reigns.webp,assets/images/card-custom-entrance-entrance-roman-reigns.webp,export.zip
assets/cards/art/custom/entrances/entrance-seth-rollins.webp,assets/images/card-custom-entrance-entrance-seth-rollins.webp,export.zip
assets/cards/art/custom/entrances/entrance-stephanie-vaquer.webp,assets/images/card-custom-entrance-entrance-stephanie-vaquer.webp,export.zip
assets/cards/art/custom/entrances/entrance-stone-cold-steve-austin.webp,assets/images/card-custom-entrance-entrance-stone-cold-steve-austin.webp,export.zip
assets/cards/art/custom/entrances/entrance-the-rock.webp,assets/images/card-custom-entrance-entrance-the-rock.webp,export.zip
assets/cards/art/custom/entrances/entrance-the-undertaker.webp,assets/images/card-custom-entrance-entrance-the-undertaker.webp,export.zip
assets/cards/art/custom/entrances/entrance-ultimate-warrior.webp,assets/images/card-custom-entrance-entrance-ultimate-warrior.webp,export.zip
assets/cards/art/custom/headshots/andre-the-giant.webp,assets/images/headshot-andre-the-giant.webp,export.zip
assets/cards/art/custom/headshots/austin-theory.webp,assets/images/headshot-austin-theory.webp,export.zip
assets/cards/art/custom/headshots/bayley.webp,assets/images/headshot-bayley.webp,export.zip
assets/cards/art/custom/headshots/becky-lynch.webp,assets/images/headshot-becky-lynch.webp,export.zip
assets/cards/art/custom/headshots/bret-hart.webp,assets/images/headshot-bret-hart.webp,export.zip
assets/cards/art/custom/headshots/british-bulldog.webp,assets/images/headshot-british-bulldog.webp,export.zip
assets/cards/art/custom/headshots/brock-lesnar.webp,assets/images/headshot-brock-lesnar.webp,export.zip
assets/cards/art/custom/headshots/chad-gable.webp,assets/images/headshot-chad-gable.webp,export.zip
assets/cards/art/custom/headshots/charlotte-flair.webp,assets/images/headshot-charlotte-flair.webp,export.zip
assets/cards/art/custom/headshots/chris-jericho.webp,assets/images/headshot-chris-jericho.webp,export.zip
assets/cards/art/custom/headshots/chyna.webp,assets/images/headshot-chyna.webp,export.zip
assets/cards/art/custom/headshots/cm-punk.webp,assets/images/headshot-cm-punk.webp,export.zip
assets/cards/art/custom/headshots/cody-rhodes.webp,assets/images/headshot-cody-rhodes.webp,export.zip
assets/cards/art/custom/headshots/diesel.webp,assets/images/headshot-diesel.webp,export.zip
assets/cards/art/custom/headshots/doink-the-clown.webp,assets/images/headshot-doink-the-clown.webp,export.zip
assets/cards/art/custom/headshots/gunther.webp,assets/images/headshot-gunther.webp,export.zip
assets/cards/art/custom/headshots/hulk-hogan.webp,assets/images/headshot-hulk-hogan.webp,export.zip
assets/cards/art/custom/headshots/iyo-sky.webp,assets/images/headshot-iyo-sky.webp,export.zip
assets/cards/art/custom/headshots/jake-roberts.webp,assets/images/headshot-jake-roberts.webp,export.zip
assets/cards/art/custom/headshots/joe-hendry.webp,assets/images/headshot-joe-hendry.webp,export.zip
assets/cards/art/custom/headshots/kane.webp,assets/images/headshot-kane.webp,export.zip
assets/cards/art/custom/headshots/kevin-owens.webp,assets/images/headshot-kevin-owens.webp,export.zip
assets/cards/art/custom/headshots/kurt-angle.webp,assets/images/headshot-kurt-angle.webp,export.zip
assets/cards/art/custom/headshots/liv-morgan.webp,assets/images/headshot-liv-morgan.webp,export.zip
assets/cards/art/custom/headshots/logan-paul.webp,assets/images/headshot-logan-paul.webp,export.zip
assets/cards/art/custom/headshots/mankind.webp,assets/images/headshot-mankind.webp,export.zip
assets/cards/art/custom/headshots/montez-ford.webp,assets/images/headshot-montez-ford.webp,export.zip
assets/cards/art/custom/headshots/mr-perfect.webp,assets/images/headshot-mr-perfect.webp,export.zip
assets/cards/art/custom/headshots/oba-femi.webp,assets/images/headshot-oba-femi.webp,export.zip
assets/cards/art/custom/headshots/owen-hart.webp,assets/images/headshot-owen-hart.webp,export.zip
assets/cards/art/custom/headshots/paige.webp,assets/images/headshot-paige.webp,export.zip
assets/cards/art/custom/headshots/randy-savage.webp,assets/images/headshot-randy-savage.webp,export.zip
assets/cards/art/custom/headshots/raquel-rodriguez.webp,assets/images/headshot-raquel-rodriguez.webp,export.zip
assets/cards/art/custom/headshots/razor-ramon.webp,assets/images/headshot-razor-ramon.webp,export.zip
assets/cards/art/custom/headshots/rhea-ripley.webp,assets/images/headshot-rhea-ripley.webp,export.zip
assets/cards/art/custom/headshots/roman-reigns.webp,assets/images/headshot-roman-reigns.webp,export.zip
assets/cards/art/custom/headshots/rowdy-roddy-piper.webp,assets/images/headshot-rowdy-roddy-piper.webp,export.zip
assets/cards/art/custom/headshots/roxanne-perez.webp,assets/images/headshot-roxanne-perez.webp,export.zip
assets/cards/art/custom/headshots/seth-rollins.webp,assets/images/headshot-seth-rollins.webp,export.zip
assets/cards/art/custom/headshots/shawn-michaels.webp,assets/images/headshot-shawn-michaels.webp,export.zip
assets/cards/art/custom/headshots/sol-ruca.webp,assets/images/headshot-sol-ruca.webp,export.zip
assets/cards/art/custom/headshots/stephanie-vaquer.webp,assets/images/headshot-stephanie-vaquer.webp,export.zip
assets/cards/art/custom/headshots/stone-cold-steve-austin.webp,assets/images/headshot-stone-cold-steve-austin.webp,export.zip
assets/cards/art/custom/headshots/ted-dibiase.webp,assets/images/headshot-ted-dibiase.webp,export.zip
assets/cards/art/custom/headshots/the-undertaker.webp,assets/images/headshot-the-undertaker.webp,export.zip
assets/cards/art/custom/headshots/triple-h.webp,assets/images/headshot-triple-h.webp,export.zip
assets/cards/art/custom/headshots/ultimate-warrior.webp,assets/images/headshot-ultimate-warrior.webp,export.zip
assets/cards/art/custom/headshots/yokozuna.webp,assets/images/headshot-yokozuna.webp,export.zip
assets/cards/art/custom/managers/manager-bobby-heenan.webp,assets/images/card-custom-manager-manager-bobby-heenan.webp,export.zip
assets/cards/art/custom/managers/manager-miss-elizabeth.webp,assets/images/card-custom-manager-manager-miss-elizabeth.webp,export.zip
assets/cards/art/custom/managers/manager-paul-bearer.webp,assets/images/card-custom-manager-manager-paul-bearer.webp,export.zip
assets/cards/art/custom/moves/619.webp,assets/images/card-custom-move-619.webp,export.zip
assets/cards/art/custom/moves/abdominal-stretch.webp,assets/images/card-custom-move-abdominal-stretch.webp,export.zip
assets/cards/art/custom/moves/apron-german-suplex.webp,assets/images/card-custom-move-apron-german-suplex.webp,export.zip
assets/cards/art/custom/moves/arm-drag.webp,assets/images/card-custom-move-arm-drag.webp,export.zip
assets/cards/art/custom/moves/asai-moonsault.webp,assets/images/card-custom-move-asai-moonsault.webp,export.zip
assets/cards/art/custom/moves/atomic-drop.webp,assets/images/card-custom-move-atomic-drop.webp,export.zip
assets/cards/art/custom/moves/back-body-drop.webp,assets/images/card-custom-move-back-body-drop.webp,export.zip
assets/cards/art/custom/moves/back-elbow.webp,assets/images/card-custom-move-back-elbow.webp,export.zip
assets/cards/art/custom/moves/back-suplex.webp,assets/images/card-custom-move-back-suplex.webp,export.zip
assets/cards/art/custom/moves/backbreaker.webp,assets/images/card-custom-move-backbreaker.webp,export.zip
assets/cards/art/custom/moves/backstabber.webp,assets/images/card-custom-move-backstabber.webp,export.zip
assets/cards/art/custom/moves/bayley-diving-elbow.webp,assets/images/card-custom-move-bayley-diving-elbow.webp,export.zip
assets/cards/art/custom/moves/bayley-rose-plant.webp,assets/images/card-custom-move-bayley-rose-plant.webp,export.zip
assets/cards/art/custom/moves/bayley-to-belly.webp,assets/images/card-custom-move-bayley-to-belly.webp,export.zip
assets/cards/art/custom/moves/bearhug.webp,assets/images/card-custom-move-bearhug.webp,export.zip
assets/cards/art/custom/moves/becky-lynch-dis-arm-her.webp,assets/images/card-custom-move-becky-lynch-dis-arm-her.webp,export.zip
assets/cards/art/custom/moves/becky-lynch-diving-leg-drop.webp,assets/images/card-custom-move-becky-lynch-diving-leg-drop.webp,export.zip
assets/cards/art/custom/moves/becky-lynch-manhandle-slam.webp,assets/images/card-custom-move-becky-lynch-manhandle-slam.webp,export.zip
assets/cards/art/custom/moves/big-boot.webp,assets/images/card-custom-move-big-boot.webp,export.zip
assets/cards/art/custom/moves/body-slam.webp,assets/images/card-custom-move-body-slam.webp,export.zip
assets/cards/art/custom/moves/boston-crab.webp,assets/images/card-custom-move-boston-crab.webp,export.zip
assets/cards/art/custom/moves/brock-lesnar-f-5.webp,assets/images/card-custom-move-brock-lesnar-f-5.webp,export.zip
assets/cards/art/custom/moves/brock-lesnar-kimura-lock.webp,assets/images/card-custom-move-brock-lesnar-kimura-lock.webp,export.zip
assets/cards/art/custom/moves/bulldog.webp,assets/images/card-custom-move-bulldog.webp,export.zip
assets/cards/art/custom/moves/cannonball.webp,assets/images/card-custom-move-cannonball.webp,export.zip
assets/cards/art/custom/moves/catch-your-breath.webp,assets/images/card-custom-move-catch-your-breath.webp,export.zip
assets/cards/art/custom/moves/chad-gable-ankle-lock.webp,assets/images/card-custom-move-chad-gable-ankle-lock.webp,export.zip
assets/cards/art/custom/moves/charlotte-flair-figure-eight-leglock.webp,assets/images/card-custom-move-charlotte-flair-figure-eight-leglock.webp,export.zip
assets/cards/art/custom/moves/choke-on-the-ropes.webp,assets/images/card-custom-move-choke-on-the-ropes.webp,export.zip
assets/cards/art/custom/moves/chokeslam.webp,assets/images/card-custom-move-chokeslam.webp,export.zip
assets/cards/art/custom/moves/chop.webp,assets/images/card-custom-move-chop.webp,export.zip
assets/cards/art/custom/moves/chops-in-the-corner.webp,assets/images/card-custom-move-chops-in-the-corner.webp,export.zip
assets/cards/art/custom/moves/clothesline-over-the-top-rope.webp,assets/images/card-custom-move-clothesline-over-the-top-rope.webp,export.zip
assets/cards/art/custom/moves/clothesline.webp,assets/images/card-custom-move-clothesline.webp,export.zip
assets/cards/art/custom/moves/cm-punk-anaconda-vise.webp,assets/images/card-custom-move-cm-punk-anaconda-vise.webp,export.zip
assets/cards/art/custom/moves/cm-punk-corner-running-knee.webp,assets/images/card-custom-move-cm-punk-corner-running-knee.webp,export.zip
assets/cards/art/custom/moves/cm-punk-g-t-s.webp,assets/images/card-custom-move-cm-punk-g-t-s.webp,export.zip
assets/cards/art/custom/moves/cody-rhodes-bionic-elbow.webp,assets/images/card-custom-move-cody-rhodes-bionic-elbow.webp,export.zip
assets/cards/art/custom/moves/cody-rhodes-cody-cutter.webp,assets/images/card-custom-move-cody-rhodes-cody-cutter.webp,export.zip
assets/cards/art/custom/moves/cody-rhodes-cross-rhodes.webp,assets/images/card-custom-move-cody-rhodes-cross-rhodes.webp,export.zip
assets/cards/art/custom/moves/cody-rhodes-disaster-kick.webp,assets/images/card-custom-move-cody-rhodes-disaster-kick.webp,export.zip
assets/cards/art/custom/moves/cody-rhodes-dropdown-uppercut.webp,assets/images/card-custom-move-cody-rhodes-dropdown-uppercut.webp,export.zip
assets/cards/art/custom/moves/corner-barrage.webp,assets/images/card-custom-move-corner-barrage.webp,export.zip
assets/cards/art/custom/moves/corner-clothesline.webp,assets/images/card-custom-move-corner-clothesline.webp,export.zip
assets/cards/art/custom/moves/corner-shoulder-thrusts.webp,assets/images/card-custom-move-corner-shoulder-thrusts.webp,export.zip
assets/cards/art/custom/moves/damian-priest-razors-edge.webp,assets/images/card-custom-move-damian-priest-razors-edge.webp,export.zip
assets/cards/art/custom/moves/damian-priest-south-of-heaven.webp,assets/images/card-custom-move-damian-priest-south-of-heaven.webp,export.zip
assets/cards/art/custom/moves/ddt.webp,assets/images/card-custom-move-ddt.webp,export.zip
assets/cards/art/custom/moves/diving-body-press.webp,assets/images/card-custom-move-diving-body-press.webp,export.zip
assets/cards/art/custom/moves/diving-crossbody.webp,assets/images/card-custom-move-diving-crossbody.webp,export.zip
assets/cards/art/custom/moves/diving-elbow-drop.webp,assets/images/card-custom-move-diving-elbow-drop.webp,export.zip
assets/cards/art/custom/moves/dominik-mysterio-frog-splash.webp,assets/images/card-custom-move-dominik-mysterio-frog-splash.webp,export.zip
assets/cards/art/custom/moves/double-axe-handle.webp,assets/images/card-custom-move-double-axe-handle.webp,export.zip
assets/cards/art/custom/moves/double-stomp.webp,assets/images/card-custom-move-double-stomp.webp,export.zip
assets/cards/art/custom/moves/double-underhook-backbreaker.webp,assets/images/card-custom-move-double-underhook-backbreaker.webp,export.zip
assets/cards/art/custom/moves/double-underhook-facebuster.webp,assets/images/card-custom-move-double-underhook-facebuster.webp,export.zip
assets/cards/art/custom/moves/dropkick-to-the-back.webp,assets/images/card-custom-move-dropkick-to-the-back.webp,export.zip
assets/cards/art/custom/moves/dropkick.webp,assets/images/card-custom-move-dropkick.webp,export.zip
assets/cards/art/custom/moves/elbow-drop.webp,assets/images/card-custom-move-elbow-drop.webp,export.zip
assets/cards/art/custom/moves/elbow-to-back-of-head.webp,assets/images/card-custom-move-elbow-to-back-of-head.webp,export.zip
assets/cards/art/custom/moves/elbow.webp,assets/images/card-custom-move-elbow.webp,export.zip
assets/cards/art/custom/moves/enzuigiri.webp,assets/images/card-custom-move-enzuigiri.webp,export.zip
assets/cards/art/custom/moves/falcon-arrow.webp,assets/images/card-custom-move-falcon-arrow.webp,export.zip
assets/cards/art/custom/moves/fallaway-slam.webp,assets/images/card-custom-move-fallaway-slam.webp,export.zip
assets/cards/art/custom/moves/fight-forever.webp,assets/images/card-custom-move-fight-forever.webp,export.zip
assets/cards/art/custom/moves/figure-four-leglock.webp,assets/images/card-custom-move-figure-four-leglock.webp,export.zip
assets/cards/art/custom/moves/finn-balor-coup-de-grace.webp,assets/images/card-custom-move-finn-balor-coup-de-grace.webp,export.zip
assets/cards/art/custom/moves/fire-up.webp,assets/images/card-custom-move-fire-up.webp,export.zip
assets/cards/art/custom/moves/firemans-carry.webp,assets/images/card-custom-move-firemans-carry.webp,export.zip
assets/cards/art/custom/moves/fisherman-buster.webp,assets/images/card-custom-move-fisherman-buster.webp,export.zip
assets/cards/art/custom/moves/flair-chop.webp,assets/images/card-custom-move-flair-chop.webp,export.zip
assets/cards/art/custom/moves/flapjack.webp,assets/images/card-custom-move-flapjack.webp,export.zip
assets/cards/art/custom/moves/flying-clothesline.webp,assets/images/card-custom-move-flying-clothesline.webp,export.zip
assets/cards/art/custom/moves/frog-splash.webp,assets/images/card-custom-move-frog-splash.webp,export.zip
assets/cards/art/custom/moves/front-backbreaker.webp,assets/images/card-custom-move-front-backbreaker.webp,export.zip
assets/cards/art/custom/moves/german-suplex.webp,assets/images/card-custom-move-german-suplex.webp,export.zip
assets/cards/art/custom/moves/gorilla-press-slam.webp,assets/images/card-custom-move-gorilla-press-slam.webp,export.zip
assets/cards/art/custom/moves/gourdbuster.webp,assets/images/card-custom-move-gourdbuster.webp,export.zip
assets/cards/art/custom/moves/ground-and-pound.webp,assets/images/card-custom-move-ground-and-pound.webp,export.zip
assets/cards/art/custom/moves/gunther-burning-lariat.webp,assets/images/card-custom-move-gunther-burning-lariat.webp,export.zip
assets/cards/art/custom/moves/gunther-gojira-clutch.webp,assets/images/card-custom-move-gunther-gojira-clutch.webp,export.zip
assets/cards/art/custom/moves/gunther-gunther-s-chop.webp,assets/images/card-custom-move-gunther-gunther-s-chop.webp,export.zip
assets/cards/art/custom/moves/headbutt.webp,assets/images/card-custom-move-headbutt.webp,export.zip
assets/cards/art/custom/moves/hip-toss.webp,assets/images/card-custom-move-hip-toss.webp,export.zip
assets/cards/art/custom/moves/hogans-big-boot.webp,assets/images/card-custom-move-hogans-big-boot.webp,export.zip
assets/cards/art/custom/moves/hulk-hogan-atomic-leg-drop.webp,assets/images/card-custom-move-hulk-hogan-atomic-leg-drop.webp,export.zip
assets/cards/art/custom/moves/hurricanrana.webp,assets/images/card-custom-move-hurricanrana.webp,export.zip
assets/cards/art/custom/moves/iyo-sky-bullet-train-attack.webp,assets/images/card-custom-move-iyo-sky-bullet-train-attack.webp,export.zip
assets/cards/art/custom/moves/iyo-sky-over-the-moonsault.webp,assets/images/card-custom-move-iyo-sky-over-the-moonsault.webp,export.zip
assets/cards/art/custom/moves/jumping-neckbreaker.webp,assets/images/card-custom-move-jumping-neckbreaker.webp,export.zip
assets/cards/art/custom/moves/kane-chokeslam-from-hell.webp,assets/images/card-custom-move-kane-chokeslam-from-hell.webp,export.zip
assets/cards/art/custom/moves/kevin-owens-stunner.webp,assets/images/card-custom-move-kevin-owens-stunner.webp,export.zip
assets/cards/art/custom/moves/kick-to-the-gut.webp,assets/images/card-custom-move-kick-to-the-gut.webp,export.zip
assets/cards/art/custom/moves/knee-strike.webp,assets/images/card-custom-move-knee-strike.webp,export.zip
assets/cards/art/custom/moves/knee-to-the-gut.webp,assets/images/card-custom-move-knee-to-the-gut.webp,export.zip
assets/cards/art/custom/moves/knees-up.webp,assets/images/card-custom-move-knees-up.webp,export.zip
assets/cards/art/custom/moves/koji-clutch.webp,assets/images/card-custom-move-koji-clutch.webp,export.zip
assets/cards/art/custom/moves/leapfrog.webp,assets/images/card-custom-move-leapfrog.webp,export.zip
assets/cards/art/custom/moves/leaping-clothesline.webp,assets/images/card-custom-move-leaping-clothesline.webp,export.zip
assets/cards/art/custom/moves/leg-drop.webp,assets/images/card-custom-move-leg-drop.webp,export.zip
assets/cards/art/custom/moves/liv-morgan-jersey-codebreaker.webp,assets/images/card-custom-move-liv-morgan-jersey-codebreaker.webp,export.zip
assets/cards/art/custom/moves/low-blow.webp,assets/images/card-custom-move-low-blow.webp,export.zip
assets/cards/art/custom/moves/mankind-double-arm-ddt.webp,assets/images/card-custom-move-mankind-double-arm-ddt.webp,export.zip
assets/cards/art/custom/moves/mankind-mandible-claw.webp,assets/images/card-custom-move-mankind-mandible-claw.webp,export.zip
assets/cards/art/custom/moves/mexican-surfboard.webp,assets/images/card-custom-move-mexican-surfboard.webp,export.zip
assets/cards/art/custom/moves/military-press-slam.webp,assets/images/card-custom-move-military-press-slam.webp,export.zip
assets/cards/art/custom/moves/missile-dropkick.webp,assets/images/card-custom-move-missile-dropkick.webp,export.zip
assets/cards/art/custom/moves/moonsault.webp,assets/images/card-custom-move-moonsault.webp,export.zip
assets/cards/art/custom/moves/mounted-punches.webp,assets/images/card-custom-move-mounted-punches.webp,export.zip
assets/cards/art/custom/moves/neckbreaker.webp,assets/images/card-custom-move-neckbreaker.webp,export.zip
assets/cards/art/custom/moves/northern-lights-suplex.webp,assets/images/card-custom-move-northern-lights-suplex.webp,export.zip
assets/cards/art/custom/moves/oba-femi-fall-from-grace.webp,assets/images/card-custom-move-oba-femi-fall-from-grace.webp,export.zip
assets/cards/art/custom/moves/oba-femi-one-handed-backbreaker.webp,assets/images/card-custom-move-oba-femi-one-handed-backbreaker.webp,export.zip
assets/cards/art/custom/moves/overhead-belly-to-belly-suplex.webp,assets/images/card-custom-move-overhead-belly-to-belly-suplex.webp,export.zip
assets/cards/art/custom/moves/paige-pto.webp,assets/images/card-custom-move-paige-pto.webp,export.zip
assets/cards/art/custom/moves/paige-rope-hung-knee-strikes.webp,assets/images/card-custom-move-paige-rope-hung-knee-strikes.webp,export.zip
assets/cards/art/custom/moves/pedigree.webp,assets/images/card-custom-move-pedigree.webp,export.zip
assets/cards/art/custom/moves/penta-driver.webp,assets/images/card-custom-move-penta-driver.webp,export.zip
assets/cards/art/custom/moves/penta-handstand-dropkick.webp,assets/images/card-custom-move-penta-handstand-dropkick.webp,export.zip
assets/cards/art/custom/moves/piledriver.webp,assets/images/card-custom-move-piledriver.webp,export.zip
assets/cards/art/custom/moves/pop-up-powerbomb.webp,assets/images/card-custom-move-pop-up-powerbomb.webp,export.zip
assets/cards/art/custom/moves/powerbomb.webp,assets/images/card-custom-move-powerbomb.webp,export.zip
assets/cards/art/custom/moves/powerslam.webp,assets/images/card-custom-move-powerslam.webp,export.zip
assets/cards/art/custom/moves/pump-kick.webp,assets/images/card-custom-move-pump-kick.webp,export.zip
assets/cards/art/custom/moves/punch.webp,assets/images/card-custom-move-punch.webp,export.zip
assets/cards/art/custom/moves/punches-in-the-corner.webp,assets/images/card-custom-move-punches-in-the-corner.webp,export.zip
assets/cards/art/custom/moves/randy-savage-flying-elbow-drop.webp,assets/images/card-custom-move-randy-savage-flying-elbow-drop.webp,export.zip
assets/cards/art/custom/moves/rhea-ripley-electric-chair-facebuster.webp,assets/images/card-custom-move-rhea-ripley-electric-chair-facebuster.webp,export.zip
assets/cards/art/custom/moves/rhea-ripley-prism-trap.webp,assets/images/card-custom-move-rhea-ripley-prism-trap.webp,export.zip
assets/cards/art/custom/moves/rhea-ripley-riptide.webp,assets/images/card-custom-move-rhea-ripley-riptide.webp,export.zip
assets/cards/art/custom/moves/roman-reigns-corner-clotheslines.webp,assets/images/card-custom-move-roman-reigns-corner-clotheslines.webp,export.zip
assets/cards/art/custom/moves/roman-reigns-drive-by.webp,assets/images/card-custom-move-roman-reigns-drive-by.webp,export.zip
assets/cards/art/custom/moves/roman-reigns-guillotine.webp,assets/images/card-custom-move-roman-reigns-guillotine.webp,export.zip
assets/cards/art/custom/moves/roman-reigns-spear.webp,assets/images/card-custom-move-roman-reigns-spear.webp,export.zip
assets/cards/art/custom/moves/roman-reigns-superman-punch.webp,assets/images/card-custom-move-roman-reigns-superman-punch.webp,export.zip
assets/cards/art/custom/moves/roundhouse-kick.webp,assets/images/card-custom-move-roundhouse-kick.webp,export.zip
assets/cards/art/custom/moves/running-big-boot.webp,assets/images/card-custom-move-running-big-boot.webp,export.zip
assets/cards/art/custom/moves/running-clothesline.webp,assets/images/card-custom-move-running-clothesline.webp,export.zip
assets/cards/art/custom/moves/running-forearm.webp,assets/images/card-custom-move-running-forearm.webp,export.zip
assets/cards/art/custom/moves/running-knee-strike.webp,assets/images/card-custom-move-running-knee-strike.webp,export.zip
assets/cards/art/custom/moves/running-knee.webp,assets/images/card-custom-move-running-knee.webp,export.zip
assets/cards/art/custom/moves/running-knees-to-the-back.webp,assets/images/card-custom-move-running-knees-to-the-back.webp,export.zip
assets/cards/art/custom/moves/russian-leg-sweep.webp,assets/images/card-custom-move-russian-leg-sweep.webp,export.zip
assets/cards/art/custom/moves/sami-zayn-blue-thunder-bomb.webp,assets/images/card-custom-move-sami-zayn-blue-thunder-bomb.webp,export.zip
assets/cards/art/custom/moves/samoan-drop.webp,assets/images/card-custom-move-samoan-drop.webp,export.zip
assets/cards/art/custom/moves/scissors-kick.webp,assets/images/card-custom-move-scissors-kick.webp,export.zip
assets/cards/art/custom/moves/second-rope-leg-drop.webp,assets/images/card-custom-move-second-rope-leg-drop.webp,export.zip
assets/cards/art/custom/moves/senton-splash.webp,assets/images/card-custom-move-senton-splash.webp,export.zip
assets/cards/art/custom/moves/senton.webp,assets/images/card-custom-move-senton.webp,export.zip
assets/cards/art/custom/moves/seth-rollins-buckle-bomb.webp,assets/images/card-custom-move-seth-rollins-buckle-bomb.webp,export.zip
assets/cards/art/custom/moves/seth-rollins-curb-stomp.webp,assets/images/card-custom-move-seth-rollins-curb-stomp.webp,export.zip
assets/cards/art/custom/moves/seth-rollins-phoenix-splash.webp,assets/images/card-custom-move-seth-rollins-phoenix-splash.webp,export.zip
assets/cards/art/custom/moves/shining-wizard.webp,assets/images/card-custom-move-shining-wizard.webp,export.zip
assets/cards/art/custom/moves/short-arm-clothesline.webp,assets/images/card-custom-move-short-arm-clothesline.webp,export.zip
assets/cards/art/custom/moves/shotgun-dropkick.webp,assets/images/card-custom-move-shotgun-dropkick.webp,export.zip
assets/cards/art/custom/moves/shoulder-block.webp,assets/images/card-custom-move-shoulder-block.webp,export.zip
assets/cards/art/custom/moves/shoulder-tackle.webp,assets/images/card-custom-move-shoulder-tackle.webp,export.zip
assets/cards/art/custom/moves/side-headlock.webp,assets/images/card-custom-move-side-headlock.webp,export.zip
assets/cards/art/custom/moves/sidewalk-slam.webp,assets/images/card-custom-move-sidewalk-slam.webp,export.zip
assets/cards/art/custom/moves/sleeper-hold.webp,assets/images/card-custom-move-sleeper-hold.webp,export.zip
assets/cards/art/custom/moves/sling-blade.webp,assets/images/card-custom-move-sling-blade.webp,export.zip
assets/cards/art/custom/moves/snap-powerslam.webp,assets/images/card-custom-move-snap-powerslam.webp,export.zip
assets/cards/art/custom/moves/snap-suplex.webp,assets/images/card-custom-move-snap-suplex.webp,export.zip
assets/cards/art/custom/moves/spanish-fly.webp,assets/images/card-custom-move-spanish-fly.webp,export.zip
assets/cards/art/custom/moves/spear.webp,assets/images/card-custom-move-spear.webp,export.zip
assets/cards/art/custom/moves/spinebuster.webp,assets/images/card-custom-move-spinebuster.webp,export.zip
assets/cards/art/custom/moves/spinning-back-kick.webp,assets/images/card-custom-move-spinning-back-kick.webp,export.zip
assets/cards/art/custom/moves/springboard-clothesline.webp,assets/images/card-custom-move-springboard-clothesline.webp,export.zip
assets/cards/art/custom/moves/standing-moonsault.webp,assets/images/card-custom-move-standing-moonsault.webp,export.zip
assets/cards/art/custom/moves/standing-shooting-star-press.webp,assets/images/card-custom-move-standing-shooting-star-press.webp,export.zip
assets/cards/art/custom/moves/steel-chair-to-the-back.webp,assets/images/card-custom-move-steel-chair-to-the-back.webp,export.zip
assets/cards/art/custom/moves/stephanie-vaquer-devils-kiss.webp,assets/images/card-custom-move-stephanie-vaquer-devils-kiss.webp,export.zip
assets/cards/art/custom/moves/stephanie-vaquer-svb.webp,assets/images/card-custom-move-stephanie-vaquer-svb.webp,export.zip
assets/cards/art/custom/moves/stephanie-vaquer-vaquer-inferno.webp,assets/images/card-custom-move-stephanie-vaquer-vaquer-inferno.webp,export.zip
assets/cards/art/custom/moves/stomp.webp,assets/images/card-custom-move-stomp.webp,export.zip
assets/cards/art/custom/moves/stone-cold-steve-austin-lou-thesz-press.webp,assets/images/card-custom-move-stone-cold-steve-austin-lou-thesz-press.webp,export.zip
assets/cards/art/custom/moves/stone-cold-steve-austin-mudhole-stomps.webp,assets/images/card-custom-move-stone-cold-steve-austin-mudhole-stomps.webp,export.zip
assets/cards/art/custom/moves/stone-cold-steve-austin-pointed-elbow-drop.webp,assets/images/card-custom-move-stone-cold-steve-austin-pointed-elbow-drop.webp,export.zip
assets/cards/art/custom/moves/stone-cold-steve-austin-stone-cold-stunner.webp,assets/images/card-custom-move-stone-cold-steve-austin-stone-cold-stunner.webp,export.zip
assets/cards/art/custom/moves/suicide-dive.webp,assets/images/card-custom-move-suicide-dive.webp,export.zip
assets/cards/art/custom/moves/superkick.webp,assets/images/card-custom-move-superkick.webp,export.zip
assets/cards/art/custom/moves/swanton-bomb.webp,assets/images/card-custom-move-swanton-bomb.webp,export.zip
assets/cards/art/custom/moves/swinging-neckbreaker.webp,assets/images/card-custom-move-swinging-neckbreaker.webp,export.zip
assets/cards/art/custom/moves/the-rock-belt-whip.webp,assets/images/card-custom-move-the-rock-belt-whip.webp,export.zip
assets/cards/art/custom/moves/the-rock-people-s-elbow.webp,assets/images/card-custom-move-the-rock-people-s-elbow.webp,export.zip
assets/cards/art/custom/moves/the-rock-rock-bottom.webp,assets/images/card-custom-move-the-rock-rock-bottom.webp,export.zip
assets/cards/art/custom/moves/the-undertaker-old-school.webp,assets/images/card-custom-move-the-undertaker-old-school.webp,export.zip
assets/cards/art/custom/moves/the-undertaker-snake-eyes.webp,assets/images/card-custom-move-the-undertaker-snake-eyes.webp,export.zip
assets/cards/art/custom/moves/throw-into-ringpost.webp,assets/images/card-custom-move-throw-into-ringpost.webp,export.zip
assets/cards/art/custom/moves/throw-into-steel-steps.webp,assets/images/card-custom-move-throw-into-steel-steps.webp,export.zip
assets/cards/art/custom/moves/tilt-a-whirl-headscissors.webp,assets/images/card-custom-move-tilt-a-whirl-headscissors.webp,export.zip
assets/cards/art/custom/moves/tilt-a-whirl-slam.webp,assets/images/card-custom-move-tilt-a-whirl-slam.webp,export.zip
assets/cards/art/custom/moves/tombstone-piledriver.webp,assets/images/card-custom-move-tombstone-piledriver.webp,export.zip
assets/cards/art/custom/moves/tope-con-hilo.webp,assets/images/card-custom-move-tope-con-hilo.webp,export.zip
assets/cards/art/custom/moves/tornado-ddt.webp,assets/images/card-custom-move-tornado-ddt.webp,export.zip
assets/cards/art/custom/moves/ultimate-warrior-diving-shoulder-block.webp,assets/images/card-custom-move-ultimate-warrior-diving-shoulder-block.webp,export.zip
assets/cards/art/custom/moves/ultimate-warrior-gorilla-press-slam.webp,assets/images/card-custom-move-ultimate-warrior-gorilla-press-slam.webp,export.zip
assets/cards/art/custom/moves/ultimate-warrior-warrior-splash.webp,assets/images/card-custom-move-ultimate-warrior-warrior-splash.webp,export.zip
assets/cards/art/custom/moves/uranage.webp,assets/images/card-custom-move-uranage.webp,export.zip
assets/cards/art/custom/moves/uso-splash.webp,assets/images/card-custom-move-uso-splash.webp,export.zip
assets/cards/art/custom/moves/vertical-suplex.webp,assets/images/card-custom-move-vertical-suplex.webp,export.zip
assets/cards/art/custom/moves/wristlock.webp,assets/images/card-custom-move-wristlock.webp,export.zip
assets/cards/art/custom/specials/shoulder-up.webp,assets/images/card-custom-special-shoulder-up.webp,export.zip
assets/cards/art/custom/specials/special-andre-the-giant.webp,assets/images/card-custom-special-special-andre-the-giant.webp,export.zip
assets/cards/art/custom/specials/special-bayley.webp,assets/images/card-custom-special-special-bayley.webp,export.zip
assets/cards/art/custom/specials/special-brock-lesnar.webp,assets/images/card-custom-special-special-brock-lesnar.webp,export.zip
assets/cards/art/custom/specials/special-cm-punk.webp,assets/images/card-custom-special-special-cm-punk.webp,export.zip
assets/cards/art/custom/specials/special-cody-rhodes.webp,assets/images/card-custom-special-special-cody-rhodes.webp,export.zip
assets/cards/art/custom/specials/special-hulk-hogan.webp,assets/images/card-custom-special-special-hulk-hogan.webp,export.zip
assets/cards/art/custom/specials/special-kane.webp,assets/images/card-custom-special-special-kane.webp,export.zip
assets/cards/art/custom/specials/special-mankind.webp,assets/images/card-custom-special-special-mankind.webp,export.zip
assets/cards/art/custom/specials/special-oba-femi.webp,assets/images/card-custom-special-special-oba-femi.webp,export.zip
assets/cards/art/custom/specials/special-randy-savage.webp,assets/images/card-custom-special-special-randy-savage.webp,export.zip
assets/cards/art/custom/specials/special-rhea-ripley.webp,assets/images/card-custom-special-special-rhea-ripley.webp,export.zip
assets/cards/art/custom/specials/special-roman-reigns.webp,assets/images/card-custom-special-special-roman-reigns.webp,export.zip
assets/cards/art/custom/specials/special-seth-rollins.webp,assets/images/card-custom-special-special-seth-rollins.webp,export.zip
assets/cards/art/custom/specials/special-stephanie-vaquer.webp,assets/images/card-custom-special-special-stephanie-vaquer.webp,export.zip
assets/cards/art/custom/specials/special-stone-cold-steve-austin.webp,assets/images/card-custom-special-special-stone-cold-steve-austin.webp,export.zip
assets/cards/art/custom/specials/special-the-undertaker.webp,assets/images/card-custom-special-special-the-undertaker.webp,export.zip
assets/cards/art/custom/specials/special-ultimate-warrior.webp,assets/images/card-custom-special-special-ultimate-warrior.webp,export.zip
assets/cards/art/custom/superstars/andre-the-giant.webp,assets/images/card-custom-superstar-andre-the-giant.webp,export.zip
assets/cards/art/custom/superstars/bayley.webp,assets/images/card-custom-superstar-bayley.webp,export.zip
assets/cards/art/custom/superstars/becky-lynch.webp,assets/images/card-custom-superstar-becky-lynch.webp,export.zip
assets/cards/art/custom/superstars/brock-lesnar.webp,assets/images/card-custom-superstar-brock-lesnar.webp,export.zip
assets/cards/art/custom/superstars/charlotte-flair.webp,assets/images/card-custom-superstar-charlotte-flair.webp,export.zip
assets/cards/art/custom/superstars/cm-punk.webp,assets/images/card-custom-superstar-cm-punk.webp,export.zip
assets/cards/art/custom/superstars/cody-rhodes.webp,assets/images/card-custom-superstar-cody-rhodes.webp,export.zip
assets/cards/art/custom/superstars/diesel.webp,assets/images/card-custom-superstar-diesel.webp,export.zip
assets/cards/art/custom/superstars/gunther.webp,assets/images/card-custom-superstar-gunther.webp,export.zip
assets/cards/art/custom/superstars/hulk-hogan.webp,assets/images/card-custom-superstar-hulk-hogan.webp,export.zip
assets/cards/art/custom/superstars/iyo-sky.webp,assets/images/card-custom-superstar-iyo-sky.webp,export.zip
assets/cards/art/custom/superstars/kane.webp,assets/images/card-custom-superstar-kane.webp,export.zip
assets/cards/art/custom/superstars/kevin-owens.webp,assets/images/card-custom-superstar-kevin-owens.webp,export.zip
assets/cards/art/custom/superstars/liv-morgan.webp,assets/images/card-custom-superstar-liv-morgan.webp,export.zip
assets/cards/art/custom/superstars/mankind.webp,assets/images/card-custom-superstar-mankind.webp,export.zip
assets/cards/art/custom/superstars/oba-femi.webp,assets/images/card-custom-superstar-oba-femi.webp,export.zip
assets/cards/art/custom/superstars/paige.webp,assets/images/card-custom-superstar-paige.webp,export.zip
assets/cards/art/custom/superstars/randy-savage.webp,assets/images/card-custom-superstar-randy-savage.webp,export.zip
assets/cards/art/custom/superstars/rhea-ripley.webp,assets/images/card-custom-superstar-rhea-ripley.webp,export.zip
assets/cards/art/custom/superstars/roman-reigns.webp,assets/images/card-custom-superstar-roman-reigns.webp,export.zip
assets/cards/art/custom/superstars/seth-rollins.webp,assets/images/card-custom-superstar-seth-rollins.webp,export.zip
assets/cards/art/custom/superstars/stephanie-vaquer.webp,assets/images/card-custom-superstar-stephanie-vaquer.webp,export.zip
assets/cards/art/custom/superstars/stone-cold-steve-austin.webp,assets/images/card-custom-superstar-stone-cold-steve-austin.webp,export.zip
assets/cards/art/custom/superstars/the-rock.webp,assets/images/card-custom-superstar-the-rock.webp,export.zip
assets/cards/art/custom/superstars/the-undertaker.webp,assets/images/card-custom-superstar-the-undertaker.webp,export.zip
assets/cards/art/custom/superstars/ultimate-warrior.webp,assets/images/card-custom-superstar-ultimate-warrior.webp,export.zip
assets/cards/art/custom/supports/people-championship.webp,assets/images/card-custom-support-people-championship.webp,export.zip
assets/cards/art/custom/supports/what.webp,assets/images/card-custom-support-what.webp,export.zip
assets/cards/art/custom/worlds-collide-logo-source.png,assets/images/card-art-custom-worlds-collide-logo-source.png,export.zip
assets/cards/art/layered/actions/fight-forever.webp,assets/images/card-layered-action-fight-forever.webp,export.zip
assets/cards/art/layered/actions/game-plan.webp,assets/images/card-layered-action-game-plan.webp,export.zip
assets/cards/art/layered/actions/hulk-hogan-whatcha-gonna-do.webp,assets/images/card-layered-action-hulk-hogan-whatcha-gonna-do.webp,export.zip
assets/cards/art/layered/actions/mankind-have-a-nice-day.webp,assets/images/card-layered-action-mankind-have-a-nice-day.webp,export.zip
assets/cards/art/layered/actions/randy-savage-cream-of-the-crop.webp,assets/images/card-layered-action-randy-savage-cream-of-the-crop.webp,export.zip
assets/cards/art/layered/actions/shoulder-up.webp,assets/images/card-layered-action-shoulder-up.webp,export.zip
assets/cards/art/layered/actions/special-gunther.webp,assets/images/card-layered-action-special-gunther.webp,export.zip
assets/cards/art/layered/actions/special-the-undertaker.webp,assets/images/card-layered-action-special-the-undertaker.webp,export.zip
assets/cards/art/layered/actions/stone-cold-give-me-a-hell-yeah.webp,assets/images/card-layered-action-stone-cold-give-me-a-hell-yeah.webp,export.zip
assets/cards/art/layered/entrances/entrance-amazing.webp,assets/images/card-layered-entrance-entrance-amazing.webp,export.zip
assets/cards/art/layered/entrances/entrance-bayley.webp,assets/images/card-layered-entrance-entrance-bayley.webp,export.zip
assets/cards/art/layered/entrances/entrance-brock-lesnar.webp,assets/images/card-layered-entrance-entrance-brock-lesnar.webp,export.zip
assets/cards/art/layered/entrances/entrance-cm-punk.webp,assets/images/card-layered-entrance-entrance-cm-punk.webp,export.zip
assets/cards/art/layered/entrances/entrance-finn-balor.webp,assets/images/card-layered-entrance-entrance-finn-balor.webp,export.zip
assets/cards/art/layered/entrances/entrance-gunther.webp,assets/images/card-layered-entrance-entrance-gunther.webp,export.zip
assets/cards/art/layered/entrances/entrance-hulk-hogan.webp,assets/images/card-layered-entrance-entrance-hulk-hogan.webp,export.zip
assets/cards/art/layered/entrances/entrance-kevin-owens.webp,assets/images/card-layered-entrance-entrance-kevin-owens.webp,export.zip
assets/cards/art/layered/entrances/entrance-logan-paul.webp,assets/images/card-layered-entrance-entrance-logan-paul.webp,export.zip
assets/cards/art/layered/entrances/entrance-oba-femi.webp,assets/images/card-layered-entrance-entrance-oba-femi.webp,export.zip
assets/cards/art/layered/entrances/entrance-paige.webp,assets/images/card-layered-entrance-entrance-paige.webp,export.zip
assets/cards/art/layered/entrances/entrance-randy-orton.webp,assets/images/card-layered-entrance-entrance-randy-orton.webp,export.zip
assets/cards/art/layered/entrances/entrance-roman-reigns.webp,assets/images/card-layered-entrance-entrance-roman-reigns.webp,export.zip
assets/cards/art/layered/entrances/entrance-seth-rollins.webp,assets/images/card-layered-entrance-entrance-seth-rollins.webp,export.zip
assets/cards/art/layered/entrances/entrance-shawn-michaels.webp,assets/images/card-layered-entrance-entrance-shawn-michaels.webp,export.zip
assets/cards/art/layered/entrances/entrance-solo-sikoa.webp,assets/images/card-layered-entrance-entrance-solo-sikoa.webp,export.zip
assets/cards/art/layered/entrances/entrance-stephanie-vaquer.webp,assets/images/card-layered-entrance-entrance-stephanie-vaquer.webp,export.zip
assets/cards/art/layered/entrances/entrance-the-rock.webp,assets/images/card-layered-entrance-entrance-the-rock.webp,export.zip
assets/cards/art/layered/entrances/entrance-the-undertaker.webp,assets/images/card-layered-entrance-entrance-the-undertaker.webp,export.zip
assets/cards/art/layered/managers/manager-paul-heyman.webp,assets/images/card-layered-manager-manager-paul-heyman.webp,export.zip
assets/cards/art/layered/moves/alexa-bliss-sister-abigail.webp,assets/images/card-layered-move-alexa-bliss-sister-abigail.webp,export.zip
assets/cards/art/layered/moves/alexa-bliss-twisted-bliss.webp,assets/images/card-layered-move-alexa-bliss-twisted-bliss.webp,export.zip
assets/cards/art/layered/moves/andre-the-giant-bear-hug.webp,assets/images/card-layered-move-andre-the-giant-bear-hug.webp,export.zip
assets/cards/art/layered/moves/andre-the-giant-choke.webp,assets/images/card-layered-move-andre-the-giant-choke.webp,export.zip
assets/cards/art/layered/moves/andre-the-giant-headbutt.webp,assets/images/card-layered-move-andre-the-giant-headbutt.webp,export.zip
assets/cards/art/layered/moves/andre-the-giant-sitdown-splash.webp,assets/images/card-layered-move-andre-the-giant-sitdown-splash.webp,export.zip
assets/cards/art/layered/moves/back-body-drop.webp,assets/images/card-layered-move-back-body-drop.webp,export.zip
assets/cards/art/layered/moves/back-elbow.webp,assets/images/card-layered-move-back-elbow.webp,export.zip
assets/cards/art/layered/moves/back-suplex.webp,assets/images/card-layered-move-back-suplex.webp,export.zip
assets/cards/art/layered/moves/bayley-diving-elbow.webp,assets/images/card-layered-move-bayley-diving-elbow.webp,export.zip
assets/cards/art/layered/moves/bayley-rose-plant.webp,assets/images/card-layered-move-bayley-rose-plant.webp,export.zip
assets/cards/art/layered/moves/bayley-to-belly.webp,assets/images/card-layered-move-bayley-to-belly.webp,export.zip
assets/cards/art/layered/moves/biel-toss.webp,assets/images/card-layered-move-biel-toss.webp,export.zip
assets/cards/art/layered/moves/block.webp,assets/images/card-layered-move-block.webp,export.zip
assets/cards/art/layered/moves/brainbuster.webp,assets/images/card-layered-move-brainbuster.webp,export.zip
assets/cards/art/layered/moves/bret-hart-sharpshooter.webp,assets/images/card-layered-move-bret-hart-sharpshooter.webp,export.zip
assets/cards/art/layered/moves/brock-lesnar-brocks-german.webp,assets/images/card-layered-move-brock-lesnar-brocks-german.webp,export.zip
assets/cards/art/layered/moves/brock-lesnar-f-5.webp,assets/images/card-layered-move-brock-lesnar-f-5.webp,export.zip
assets/cards/art/layered/moves/brock-lesnar-kimura-lock.webp,assets/images/card-layered-move-brock-lesnar-kimura-lock.webp,export.zip
assets/cards/art/layered/moves/cannonball.webp,assets/images/card-layered-move-cannonball.webp,export.zip
assets/cards/art/layered/moves/chair-to-the-gut.webp,assets/images/card-layered-move-chair-to-the-gut.webp,export.zip
assets/cards/art/layered/moves/charlotte-flair-figure-eight-leglock.webp,assets/images/card-layered-move-charlotte-flair-figure-eight-leglock.webp,export.zip
assets/cards/art/layered/moves/choke-on-the-ropes.webp,assets/images/card-layered-move-choke-on-the-ropes.webp,export.zip
assets/cards/art/layered/moves/chokeslam.webp,assets/images/card-layered-move-chokeslam.webp,export.zip
assets/cards/art/layered/moves/chop.webp,assets/images/card-layered-move-chop.webp,export.zip
assets/cards/art/layered/moves/clothesline-over-the-top-rope.webp,assets/images/card-layered-move-clothesline-over-the-top-rope.webp,export.zip
assets/cards/art/layered/moves/cody-rhodes-cody-cutter.webp,assets/images/card-layered-move-cody-rhodes-cody-cutter.webp,export.zip
assets/cards/art/layered/moves/cody-rhodes-cross-rhodes.webp,assets/images/card-layered-move-cody-rhodes-cross-rhodes.webp,export.zip
assets/cards/art/layered/moves/corner-barrage.webp,assets/images/card-layered-move-corner-barrage.webp,export.zip
assets/cards/art/layered/moves/corner-shoulder-thrusts.webp,assets/images/card-layered-move-corner-shoulder-thrusts.webp,export.zip
assets/cards/art/layered/moves/death-valley-driver.webp,assets/images/card-layered-move-death-valley-driver.webp,export.zip
assets/cards/art/layered/moves/diesel-jackknife-powerbomb.webp,assets/images/card-layered-move-diesel-jackknife-powerbomb.webp,export.zip
assets/cards/art/layered/moves/diesel-snake-eyes.webp,assets/images/card-layered-move-diesel-snake-eyes.webp,export.zip
assets/cards/art/layered/moves/diving-shoulder-block.webp,assets/images/card-layered-move-diving-shoulder-block.webp,export.zip
assets/cards/art/layered/moves/dodge.webp,assets/images/card-layered-move-dodge.webp,export.zip
assets/cards/art/layered/moves/double-axe-handle.webp,assets/images/card-layered-move-double-axe-handle.webp,export.zip
assets/cards/art/layered/moves/double-knees.webp,assets/images/card-layered-move-double-knees.webp,export.zip
assets/cards/art/layered/moves/double-stomp.webp,assets/images/card-layered-move-double-stomp.webp,export.zip
assets/cards/art/layered/moves/dragon-lee-double-foot-stomp.webp,assets/images/card-layered-move-dragon-lee-double-foot-stomp.webp,export.zip
assets/cards/art/layered/moves/duck.webp,assets/images/card-layered-move-duck.webp,export.zip
assets/cards/art/layered/moves/elbow.webp,assets/images/card-layered-move-elbow.webp,export.zip
assets/cards/art/layered/moves/finn-balor-coup-de-grace.webp,assets/images/card-layered-move-finn-balor-coup-de-grace.webp,export.zip
assets/cards/art/layered/moves/flapjack.webp,assets/images/card-layered-move-flapjack.webp,export.zip
assets/cards/art/layered/moves/forearm-smash.webp,assets/images/card-layered-move-forearm-smash.webp,export.zip
assets/cards/art/layered/moves/gunther-burning-lariat.webp,assets/images/card-layered-move-gunther-burning-lariat.webp,export.zip
assets/cards/art/layered/moves/gunther-gojira-clutch.webp,assets/images/card-layered-move-gunther-gojira-clutch.webp,export.zip
assets/cards/art/layered/moves/gunther-gunther-s-chop.webp,assets/images/card-layered-move-gunther-gunther-s-chop.webp,export.zip
assets/cards/art/layered/moves/hangman-armbar.webp,assets/images/card-layered-move-hangman-armbar.webp,export.zip
assets/cards/art/layered/moves/hogans-big-boot.webp,assets/images/card-layered-move-hogans-big-boot.webp,export.zip
assets/cards/art/layered/moves/hulk-hogan-atomic-leg-drop.webp,assets/images/card-layered-move-hulk-hogan-atomic-leg-drop.webp,export.zip
assets/cards/art/layered/moves/kane-flying-clothesline.webp,assets/images/card-layered-move-kane-flying-clothesline.webp,export.zip
assets/cards/art/layered/moves/kane-two-handed-choke-lift.webp,assets/images/card-layered-move-kane-two-handed-choke-lift.webp,export.zip
assets/cards/art/layered/moves/kevin-owens-avalanche-fishermans-buster.webp,assets/images/card-layered-move-kevin-owens-avalanche-fishermans-buster.webp,export.zip
assets/cards/art/layered/moves/kevin-owens-package-piledriver.webp,assets/images/card-layered-move-kevin-owens-package-piledriver.webp,export.zip
assets/cards/art/layered/moves/kevin-owens-stunner.webp,assets/images/card-layered-move-kevin-owens-stunner.webp,export.zip
assets/cards/art/layered/moves/kevin-owens-swanton-bomb.webp,assets/images/card-layered-move-kevin-owens-swanton-bomb.webp,export.zip
assets/cards/art/layered/moves/kick-to-the-back.webp,assets/images/card-layered-move-kick-to-the-back.webp,export.zip
assets/cards/art/layered/moves/leapfrog.webp,assets/images/card-layered-move-leapfrog.webp,export.zip
assets/cards/art/layered/moves/leaping-clothesline.webp,assets/images/card-layered-move-leaping-clothesline.webp,export.zip
assets/cards/art/layered/moves/leaping-rope-clothesline.webp,assets/images/card-layered-move-leaping-rope-clothesline.webp,export.zip
assets/cards/art/layered/moves/leg-kick.webp,assets/images/card-layered-move-leg-kick.webp,export.zip
assets/cards/art/layered/moves/leg-lariat.webp,assets/images/card-layered-move-leg-lariat.webp,export.zip
assets/cards/art/layered/moves/logan-paul-knockout-punch.webp,assets/images/card-layered-move-logan-paul-knockout-punch.webp,export.zip
assets/cards/art/layered/moves/low-blow.webp,assets/images/card-layered-move-low-blow.webp,export.zip
assets/cards/art/layered/moves/mankind-cactus-elbow.webp,assets/images/card-layered-move-mankind-cactus-elbow.webp,export.zip
assets/cards/art/layered/moves/mankind-mandible-claw.webp,assets/images/card-layered-move-mankind-mandible-claw.webp,export.zip
assets/cards/art/layered/moves/meteora.webp,assets/images/card-layered-move-meteora.webp,export.zip
assets/cards/art/layered/moves/montez-ford-from-the-heavens.webp,assets/images/card-layered-move-montez-ford-from-the-heavens.webp,export.zip
assets/cards/art/layered/moves/mounted-punches.webp,assets/images/card-layered-move-mounted-punches.webp,export.zip
assets/cards/art/layered/moves/nia-jax-annihilator.webp,assets/images/card-layered-move-nia-jax-annihilator.webp,export.zip
assets/cards/art/layered/moves/northern-lights-suplex.webp,assets/images/card-layered-move-northern-lights-suplex.webp,export.zip
assets/cards/art/layered/moves/oba-femi-running-elbow.webp,assets/images/card-layered-move-oba-femi-running-elbow.webp,export.zip
assets/cards/art/layered/moves/pedigree.webp,assets/images/card-layered-move-pedigree.webp,export.zip
assets/cards/art/layered/moves/punch.webp,assets/images/card-layered-move-punch.webp,export.zip
assets/cards/art/layered/moves/punches-in-the-corner.webp,assets/images/card-layered-move-punches-in-the-corner.webp,export.zip
assets/cards/art/layered/moves/randy-orton-draping-ddt.webp,assets/images/card-layered-move-randy-orton-draping-ddt.webp,export.zip
assets/cards/art/layered/moves/randy-orton-rko.webp,assets/images/card-layered-move-randy-orton-rko.webp,export.zip
assets/cards/art/layered/moves/randy-savage-flying-elbow-drop.webp,assets/images/card-layered-move-randy-savage-flying-elbow-drop.webp,export.zip
assets/cards/art/layered/moves/randy-savage-machos-double-axe-handle.webp,assets/images/card-layered-move-randy-savage-machos-double-axe-handle.webp,export.zip
assets/cards/art/layered/moves/razor-ramon-razors-edge.webp,assets/images/card-layered-move-razor-ramon-razors-edge.webp,export.zip
assets/cards/art/layered/moves/razor-s-edge.webp,assets/images/card-layered-move-razor-s-edge.webp,export.zip
assets/cards/art/layered/moves/reverse-chin-lock.webp,assets/images/card-layered-move-reverse-chin-lock.webp,export.zip
assets/cards/art/layered/moves/roman-reigns-corner-clotheslines.webp,assets/images/card-layered-move-roman-reigns-corner-clotheslines.webp,export.zip
assets/cards/art/layered/moves/roman-reigns-drive-by.webp,assets/images/card-layered-move-roman-reigns-drive-by.webp,export.zip
assets/cards/art/layered/moves/roman-reigns-guillotine.webp,assets/images/card-layered-move-roman-reigns-guillotine.webp,export.zip
assets/cards/art/layered/moves/roman-reigns-spear.webp,assets/images/card-layered-move-roman-reigns-spear.webp,export.zip
assets/cards/art/layered/moves/running-knee-strike.webp,assets/images/card-layered-move-running-knee-strike.webp,export.zip
assets/cards/art/layered/moves/samoan-drop.webp,assets/images/card-layered-move-samoan-drop.webp,export.zip
assets/cards/art/layered/moves/senton.webp,assets/images/card-layered-move-senton.webp,export.zip
assets/cards/art/layered/moves/seth-rollins-curb-stomp.webp,assets/images/card-layered-move-seth-rollins-curb-stomp.webp,export.zip
assets/cards/art/layered/moves/shawn-michaels-flying-forearm.webp,assets/images/card-layered-move-shawn-michaels-flying-forearm.webp,export.zip
assets/cards/art/layered/moves/shawn-michaels-sweet-chin-music.webp,assets/images/card-layered-move-shawn-michaels-sweet-chin-music.webp,export.zip
assets/cards/art/layered/moves/shawn-michaels-teardrop-suplex.webp,assets/images/card-layered-move-shawn-michaels-teardrop-suplex.webp,export.zip
assets/cards/art/layered/moves/shawn-michaels-top-rope-elbow-drop.webp,assets/images/card-layered-move-shawn-michaels-top-rope-elbow-drop.webp,export.zip
assets/cards/art/layered/moves/short-arm-clothesline.webp,assets/images/card-layered-move-short-arm-clothesline.webp,export.zip
assets/cards/art/layered/moves/shotgun-dropkick.webp,assets/images/card-layered-move-shotgun-dropkick.webp,export.zip
assets/cards/art/layered/moves/shoulder-block.webp,assets/images/card-layered-move-shoulder-block.webp,export.zip
assets/cards/art/layered/moves/side-kick.webp,assets/images/card-layered-move-side-kick.webp,export.zip
assets/cards/art/layered/moves/sleeper-hold.webp,assets/images/card-layered-move-sleeper-hold.webp,export.zip
assets/cards/art/layered/moves/sling-blade.webp,assets/images/card-layered-move-sling-blade.webp,export.zip
assets/cards/art/layered/moves/snap-powerslam.webp,assets/images/card-layered-move-snap-powerslam.webp,export.zip
assets/cards/art/layered/moves/sol-ruca-springboard-splash.webp,assets/images/card-layered-move-sol-ruca-springboard-splash.webp,export.zip
assets/cards/art/layered/moves/spear.webp,assets/images/card-layered-move-spear.webp,export.zip
assets/cards/art/layered/moves/spinning-heel-kick.webp,assets/images/card-layered-move-spinning-heel-kick.webp,export.zip
assets/cards/art/layered/moves/splash.webp,assets/images/card-layered-move-splash.webp,export.zip
assets/cards/art/layered/moves/springboard-roundhouse-kick.webp,assets/images/card-layered-move-springboard-roundhouse-kick.webp,export.zip
assets/cards/art/layered/moves/steel-chair-to-the-back.webp,assets/images/card-layered-move-steel-chair-to-the-back.webp,export.zip
assets/cards/art/layered/moves/stephanie-vaquer-devils-kiss.webp,assets/images/card-layered-move-stephanie-vaquer-devils-kiss.webp,export.zip
assets/cards/art/layered/moves/stephanie-vaquer-svb.webp,assets/images/card-layered-move-stephanie-vaquer-svb.webp,export.zip
assets/cards/art/layered/moves/stephanie-vaquer-vaquer-inferno.webp,assets/images/card-layered-move-stephanie-vaquer-vaquer-inferno.webp,export.zip
assets/cards/art/layered/moves/stomp-to-the-arm.webp,assets/images/card-layered-move-stomp-to-the-arm.webp,export.zip
assets/cards/art/layered/moves/stone-cold-steve-austin-pointed-elbow-drop.webp,assets/images/card-layered-move-stone-cold-steve-austin-pointed-elbow-drop.webp,export.zip
assets/cards/art/layered/moves/suicide-dive.webp,assets/images/card-layered-move-suicide-dive.webp,export.zip
assets/cards/art/layered/moves/test-of-strength.webp,assets/images/card-layered-move-test-of-strength.webp,export.zip
assets/cards/art/layered/moves/the-rock-lay-the-smack-down.webp,assets/images/card-layered-move-the-rock-lay-the-smack-down.webp,export.zip
assets/cards/art/layered/moves/the-rock-people-s-elbow.webp,assets/images/card-layered-move-the-rock-people-s-elbow.webp,export.zip
assets/cards/art/layered/moves/the-rock-rock-bottom.webp,assets/images/card-layered-move-the-rock-rock-bottom.webp,export.zip
assets/cards/art/layered/moves/the-undertaker-old-school.webp,assets/images/card-layered-move-the-undertaker-old-school.webp,export.zip
assets/cards/art/layered/moves/the-undertaker-snake-eyes.webp,assets/images/card-layered-move-the-undertaker-snake-eyes.webp,export.zip
assets/cards/art/layered/moves/throat-thrust.webp,assets/images/card-layered-move-throat-thrust.webp,export.zip
assets/cards/art/layered/moves/tombstone-piledriver.webp,assets/images/card-layered-move-tombstone-piledriver.webp,export.zip
assets/cards/art/layered/moves/top-rope-splash.webp,assets/images/card-layered-move-top-rope-splash.webp,export.zip
assets/cards/art/layered/moves/tope-con-hilo.webp,assets/images/card-layered-move-tope-con-hilo.webp,export.zip
assets/cards/art/layered/moves/trash-can-to-the-back.webp,assets/images/card-layered-move-trash-can-to-the-back.webp,export.zip
assets/cards/art/layered/moves/ultimate-warrior-clothesline.webp,assets/images/card-layered-move-ultimate-warrior-clothesline.webp,export.zip
assets/cards/art/layered/moves/up-and-over.webp,assets/images/card-layered-move-up-and-over.webp,export.zip
assets/cards/art/layered/moves/vertical-boston-crab.webp,assets/images/card-layered-move-vertical-boston-crab.webp,export.zip
assets/cards/art/layered/moves/wheelbarrow-suplex.webp,assets/images/card-layered-move-wheelbarrow-suplex.webp,export.zip
assets/cards/art/layered/specials/special-andre-the-giant.webp,assets/images/card-layered-special-special-andre-the-giant.webp,export.zip
assets/cards/art/layered/specials/special-brock-lesnar.webp,assets/images/card-layered-special-special-brock-lesnar.webp,export.zip
assets/cards/art/layered/specials/special-cm-punk.webp,assets/images/card-layered-special-special-cm-punk.webp,export.zip
assets/cards/art/layered/specials/special-cody-rhodes.webp,assets/images/card-layered-special-special-cody-rhodes.webp,export.zip
assets/cards/art/layered/specials/special-iyo-sky.webp,assets/images/card-layered-special-special-iyo-sky.webp,export.zip
assets/cards/art/layered/specials/special-kevin-owens.webp,assets/images/card-layered-special-special-kevin-owens.webp,export.zip
assets/cards/art/layered/specials/special-mankind.webp,assets/images/card-layered-special-special-mankind.webp,export.zip
assets/cards/art/layered/specials/special-shawn-michaels.webp,assets/images/card-layered-special-special-shawn-michaels.webp,export.zip
assets/cards/art/layered/specials/special-ultimate-warrior.webp,assets/images/card-layered-special-special-ultimate-warrior.webp,export.zip
assets/cards/art/layered/superstars/austin-theory.webp,assets/images/card-layered-superstar-austin-theory.webp,export.zip
assets/cards/art/layered/superstars/bayley.webp,assets/images/card-layered-superstar-bayley.webp,export.zip
assets/cards/art/layered/superstars/bret-hart.webp,assets/images/card-layered-superstar-bret-hart.webp,export.zip
assets/cards/art/layered/superstars/british-bulldog.webp,assets/images/card-layered-superstar-british-bulldog.webp,export.zip
assets/cards/art/layered/superstars/brock-lesnar.webp,assets/images/card-layered-superstar-brock-lesnar.webp,export.zip
assets/cards/art/layered/superstars/chad-gable.webp,assets/images/card-layered-superstar-chad-gable.webp,export.zip
assets/cards/art/layered/superstars/chris-jericho.webp,assets/images/card-layered-superstar-chris-jericho.webp,export.zip
assets/cards/art/layered/superstars/chyna.webp,assets/images/card-layered-superstar-chyna.webp,export.zip
assets/cards/art/layered/superstars/cm-punk.webp,assets/images/card-layered-superstar-cm-punk.webp,export.zip
assets/cards/art/layered/superstars/diesel.webp,assets/images/card-layered-superstar-diesel.webp,export.zip
assets/cards/art/layered/superstars/doink-the-clown.webp,assets/images/card-layered-superstar-doink-the-clown.webp,export.zip
assets/cards/art/layered/superstars/hulk-hogan.webp,assets/images/card-layered-superstar-hulk-hogan.webp,export.zip
assets/cards/art/layered/superstars/jake-roberts.webp,assets/images/card-layered-superstar-jake-roberts.webp,export.zip
assets/cards/art/layered/superstars/joe-hendry.webp,assets/images/card-layered-superstar-joe-hendry.webp,export.zip
assets/cards/art/layered/superstars/kevin-owens.webp,assets/images/card-layered-superstar-kevin-owens.webp,export.zip
assets/cards/art/layered/superstars/kurt-angle.webp,assets/images/card-layered-superstar-kurt-angle.webp,export.zip
assets/cards/art/layered/superstars/logan-paul.webp,assets/images/card-layered-superstar-logan-paul.webp,export.zip
assets/cards/art/layered/superstars/montez-ford.webp,assets/images/card-layered-superstar-montez-ford.webp,export.zip
assets/cards/art/layered/superstars/mr-perfect.webp,assets/images/card-layered-superstar-mr-perfect.webp,export.zip
assets/cards/art/layered/superstars/owen-hart.webp,assets/images/card-layered-superstar-owen-hart.webp,export.zip
assets/cards/art/layered/superstars/raquel-rodriguez.webp,assets/images/card-layered-superstar-raquel-rodriguez.webp,export.zip
assets/cards/art/layered/superstars/razor-ramon.webp,assets/images/card-layered-superstar-razor-ramon.webp,export.zip
assets/cards/art/layered/superstars/roman-reigns.webp,assets/images/card-layered-superstar-roman-reigns.webp,export.zip
assets/cards/art/layered/superstars/rowdy-roddy-piper.webp,assets/images/card-layered-superstar-rowdy-roddy-piper.webp,export.zip
assets/cards/art/layered/superstars/roxanne-perez.webp,assets/images/card-layered-superstar-roxanne-perez.webp,export.zip
assets/cards/art/layered/superstars/shawn-michaels.webp,assets/images/card-layered-superstar-shawn-michaels.webp,export.zip
assets/cards/art/layered/superstars/sol-ruca.webp,assets/images/card-layered-superstar-sol-ruca.webp,export.zip
assets/cards/art/layered/superstars/ted-dibiase.webp,assets/images/card-layered-superstar-ted-dibiase.webp,export.zip
assets/cards/art/layered/superstars/triple-h.webp,assets/images/card-layered-superstar-triple-h.webp,export.zip
assets/cards/art/layered/superstars/yokozuna.webp,assets/images/card-layered-superstar-yokozuna.webp,export.zip
assets/cards/art/layered/supports/people-championship.webp,assets/images/card-layered-support-people-championship.webp,export.zip
assets/cards/art/superstars/andre-the-giant.webp,assets/images/card-art-superstars-andre-the-giant.webp,export.zip
assets/cards/art/superstars/hulk-hogan.webp,assets/images/card-art-superstars-hulk-hogan.webp,export.zip
assets/cards/art/superstars/kane.webp,assets/images/card-art-superstars-kane.webp,export.zip
assets/cards/art/superstars/mankind.webp,assets/images/card-art-superstars-mankind.webp,export.zip
assets/cards/art/superstars/randy-savage.webp,assets/images/card-art-superstars-randy-savage.webp,export.zip
assets/cards/art/superstars/stone-cold-steve-austin.webp,assets/images/card-art-superstars-stone-cold-steve-austin.webp,export.zip
assets/cards/art/superstars/the-undertaker.webp,assets/images/card-art-superstars-the-undertaker.webp,export.zip
assets/cards/art/superstars/ultimate-warrior.webp,assets/images/card-art-superstars-ultimate-warrior.webp,export.zip
assets/cards/art/temp/bobby-heenan.webp,assets/images/card-temp-bobby-heenan.webp,export.zip
assets/cards/art/temp/generic-wrestling-action.webp,assets/images/card-temp-generic-wrestling-action.webp,export.zip
assets/cards/art/temp/miss-elizabeth.webp,assets/images/card-temp-miss-elizabeth.webp,export.zip
assets/cards/art/temp/paul-bearer.webp,assets/images/card-temp-paul-bearer.webp,export.zip
assets/cards/art/temp/superstar-placeholder.svg,assets/images/card-temp-superstar-placeholder.svg,v0.13.94
assets/icons/apple-touch-icon.png,assets/images/app-apple-touch-icon.png,v0.13.94
assets/icons/icon-192.png,assets/images/app-icon-192.png,v0.13.94
assets/icons/icon-512.png,assets/images/icon-icon-512.png,v0.13.94
assets/templates/move/attitude-era-series-1.svg,assets/images/template-move-attitude-era-series-1.svg,v0.13.94
assets/templates/move/evolution-series-1.svg,assets/images/template-move-evolution-series-1.svg,v0.13.94
assets/templates/move/golden-era-series-1.svg,assets/images/template-move-golden-era-series-1.svg,v0.13.94
assets/templates/move/hall-of-fame-series-1.svg,assets/images/template-move-hall-of-fame-series-1.svg,export.zip
assets/templates/move/rewards.svg,assets/images/template-move-rewards.svg,v0.13.94
assets/templates/move/summerslam-series-1.svg,assets/images/template-move-summerslam-series-1.svg,v0.13.94
assets/templates/superstar/attitude-era-series-1.svg,assets/images/template-superstar-attitude-era-series-1.svg,v0.13.94
assets/templates/superstar/evolution-series-1.svg,assets/images/template-superstar-evolution-series-1.svg,v0.13.94
assets/templates/superstar/golden-era-series-1.svg,assets/images/template-superstar-golden-era-series-1.svg,v0.13.94
assets/templates/superstar/hall-of-fame-series-1.svg,assets/images/template-superstar-hall-of-fame-series-1.svg,export.zip
assets/templates/superstar/rewards.svg,assets/images/template-superstar-rewards.svg,v0.13.94
assets/templates/superstar/summerslam-series-1.svg,assets/images/template-superstar-summerslam-series-1.svg,v0.13.94
assets/ui/ring-topdown.svg,assets/images/ui-ring-topdown.svg,v0.13.94
https://www.wwe.com/f/styles/talent_champion_lg/public/2025/08/John_Cena_Profile.png,assets/images/art-wwe-menu-superstars-john-cena.webp,WWE.com official John Cena profile render
optional local Card Studio export,assets/images/card-layered-superstar-john-cena.webp,v0.14.07 exact Cena splash front; preferred; not bundled in no-assets ZIP
optional local Card Studio export,assets/images/card-custom-superstar-john-cena.webp,v0.14.07 exact Cena splash front fallback; not bundled in no-assets ZIP
